{
  "cnn": {
    "train_losses": [
      0.696677508453528,
      0.6778288582960764,
      0.682596909503142,
      0.6737982655564944,
      0.6731307382384936,
      0.6568618615468343,
      0.6572352151075999,
      0.6594805692632993,
      0.6593713710705439,
      0.6403195361296335,
      0.6510976801315943,
      0.6449343835314115,
      0.6345476980010668,
      0.6233534179627895,
      0.6126013572017351
    ],
    "val_losses": [
      0.664701521396637,
      0.6293529073397318,
      0.6203039387861887,
      0.6076361934343973,
      0.6165613532066345,
      0.6048018833001455,
      0.5941025416056315,
      0.598534087340037,
      0.5907377401987711,
      0.5998082260290781,
      0.5879144668579102,
      0.5851278106371561,
      0.5870447556177775,
      0.5861046612262726,
      0.5840166608492533
    ],
    "train_accs": [
      0.44,
      0.5466666666666666,
      0.5573333333333333,
      0.6026666666666667,
      0.4826666666666667,
      0.592,
      0.576,
      0.6426666666666667,
      0.68,
      0.632,
      0.6133333333333333,
      0.6453333333333333,
      0.664,
      0.6613333333333333,
      0.688
    ],
    "val_accs": [
      0.5425531914893617,
      0.6702127659574468,
      0.7340425531914894,
      0.7446808510638298,
      0.46808510638297873,
      0.6170212765957447,
      0.7446808510638298,
      0.7659574468085106,
      0.6063829787234043,
      0.7659574468085106,
      0.6063829787234043,
      0.7553191489361702,
      0.7659574468085106,
      0.6382978723404256,
      0.7340425531914894
    ],
    "best_val_acc": 0.7659574468085106
  },
  "snn": {
    "train_losses": [
      0.6892630904912949,
      0.6805539826552073,
      0.6781375929713249,
      0.6753775452574095,
      0.6782811507582664,
      0.6748584484060606,
      0.6734761372208595,
      0.663971779247125,
      0.6675001407663027,
      0.6693256745735804,
      0.6650636692841848,
      0.6565666869282722,
      0.6603339413801829,
      0.6567107687393824,
      0.6583653638760248
    ],
    "val_losses": [
      0.6516684691111246,
      0.6472770075003306,
      0.6399744153022766,
      0.6349556644757589,
      0.631332665681839,
      0.6273572146892548,
      0.623814215262731,
      0.6209428608417511,
      0.617521196603775,
      0.6166036128997803,
      0.6193107962608337,
      0.614878902832667,
      0.6150279939174652,
      0.6093878348668417,
      0.6180278360843658
    ],
    "train_accs": [
      0.38133333333333336,
      0.5066666666666667,
      0.5146666666666667,
      0.544,
      0.5866666666666667,
      0.536,
      0.5706666666666667,
      0.5813333333333334,
      0.5626666666666666,
      0.5413333333333333,
      0.5946666666666667,
      0.6773333333333333,
      0.5653333333333334,
      0.6266666666666667,
      0.608
    ],
    "val_accs": [
      0.425531914893617,
      0.4574468085106383,
      0.46808510638297873,
      0.5,
      0.6170212765957447,
      0.6276595744680851,
      0.723404255319149,
      0.6808510638297872,
      0.723404255319149,
      0.6595744680851063,
      0.7553191489361702,
      0.5957446808510638,
      0.5531914893617021,
      0.6595744680851063,
      0.4787234042553192
    ],
    "best_val_acc": 0.7553191489361702
  }
}