{
  "cnn": {
    "train_losses": [
      0.6798008357485136,
      0.6686258738239607,
      0.6451512711743513,
      0.6511707218984762,
      0.6480036576588949,
      0.6431528106331825,
      0.645698506385088,
      0.6489239484071732,
      0.6426326036453247,
      0.6359629978736242,
      0.6247433970371882,
      0.6249396043519179,
      0.6141267294685046,
      0.6060623762508234,
      0.6073957172532877
    ],
    "val_losses": [
      0.6871072749296824,
      0.6681112150351206,
      0.6616923610369364,
      0.7041189471880595,
      0.6669072608153025,
      0.6594272156556448,
      0.6700643201669058,
      0.654129554828008,
      0.6562644441922506,
      0.6567592521508535,
      0.6542359093825022,
      0.6581808725992838,
      0.6556871136029562,
      0.6583572427431742,
      0.6533450285593668
    ],
    "train_accs": [
      0.4533333333333333,
      0.5733333333333334,
      0.672,
      0.608,
      0.6426666666666667,
      0.624,
      0.6133333333333333,
      0.5893333333333334,
      0.64,
      0.6773333333333333,
      0.6826666666666666,
      0.688,
      0.6773333333333333,
      0.6853333333333333,
      0.68
    ],
    "val_accs": [
      0.30851063829787234,
      0.6914893617021277,
      0.7021276595744681,
      0.48936170212765956,
      0.48936170212765956,
      0.6170212765957447,
      0.5,
      0.6276595744680851,
      0.6170212765957447,
      0.6382978723404256,
      0.6276595744680851,
      0.648936170212766,
      0.5957446808510638,
      0.6382978723404256,
      0.6808510638297872
    ],
    "best_val_acc": 0.7021276595744681
  },
  "snn": {
    "train_losses": [
      0.7009013344844183,
      0.6862349857886633,
      0.6776327937841415,
      0.6689295445879301,
      0.6643834287921587,
      0.6613333225250244,
      0.6526269689202309,
      0.6514836226900419,
      0.6527557671070099,
      0.639876284946998,
      0.6416076123714447,
      0.6469583610693613,
      0.648129237194856,
      0.6474473575750986,
      0.6454470207293829
    ],
    "val_losses": [
      0.6887665192286173,
      0.6768607993920644,
      0.6723467310269674,
      0.6662255525588989,
      0.663572629292806,
      0.6636554400126139,
      0.6625938713550568,
      0.6647638976573944,
      0.6605628430843353,
      0.669151614109675,
      0.6589532395203909,
      0.6609862943490347,
      0.6598032216231028,
      0.6618113617102305,
      0.6622642974058787
    ],
    "train_accs": [
      0.312,
      0.33066666666666666,
      0.44266666666666665,
      0.5653333333333334,
      0.6506666666666666,
      0.6746666666666666,
      0.5786666666666667,
      0.6026666666666667,
      0.688,
      0.6373333333333333,
      0.5973333333333334,
      0.6373333333333333,
      0.6186666666666667,
      0.664,
      0.6346666666666667
    ],
    "val_accs": [
      0.30851063829787234,
      0.39361702127659576,
      0.6914893617021277,
      0.5851063829787234,
      0.5212765957446809,
      0.5106382978723404,
      0.5425531914893617,
      0.574468085106383,
      0.5425531914893617,
      0.7021276595744681,
      0.5319148936170213,
      0.5638297872340425,
      0.5531914893617021,
      0.5212765957446809,
      0.574468085106383
    ],
    "best_val_acc": 0.7021276595744681
  }
}